/* Kategória tábla */
INSERT INTO `kategoria` (`KategoriaID`, `Kategoria`) VALUES
(1, 'Étel');

/* Alkategoria tábla */
INSERT INTO `alkategoria` (`AlkategoriaID`, `KategoriaID`, `Alkategoria`) VALUES
(1, 1, 'Reggeli'),
(2, 1, 'Desszert'),
(3, 1, 'Leves'),
(4, 1, 'Főétel'),
(5, 1, 'Köret'),
(6, 1, 'Sütemény');

/* Mértékegység */
INSERT INTO `mertekegyseg` (`MertekegysegID`, `Elnevezes`) VALUES
(1, 'db'),
(2, 'ml'),
(3, 'g'),
(4, 'ízlés szerint');

/* Ország */
INSERT INTO `orszag` (`OrszagID`, `Elnevezes`) VALUES
(1, 'Magyarország'),
(3, 'Franciaország'),
(4, 'Olaszország'),
(5, 'Spanyolország'),
(6, 'Egyesült Királyság'),
(7, 'Egyesült Államok'),
(8, 'Kanada'),
(9, 'Kína'),
(10, 'Japán'),
(11, 'Dél-Korea'),
(12, 'India'),
(13, 'Ausztrália'),
(14, 'Oroszország'),
(15, 'Brazília'),
(16, 'Mexikó'),
(17, 'Hollandia'),
(18, 'Belgium'),
(19, 'Svájc'),
(20, 'Ausztria'),
(21, 'Lengyelország'),
(22, 'Csehország'),
(23, 'Szlovákia'),
(24, 'Románia'),
(25, 'Svédország');

/* Elkészítési mód tábla */
INSERT INTO `elkeszitesimod` (`ElkeszitesiModID`, `ElkeszitesiMod`, `Hofok`, `Funkcio`) VALUES
(1, 'Serpenyőben sütés', NULL, 'tűzhely'),
(2, 'Nem sütős desszert', NULL, 'nincs'),
(3, 'Kenyérpirító', NULL, 'pirítás'),
(4, 'Főzés', NULL, 'tűzhely'),
(5, 'Lassú főzés', NULL, 'tűzhely'),
(6, 'Alsó-felső sütés', 180, 'sütő'),
(7, 'Mikrohullámú sütés', NULL, 'mikrohullámú sütő'),
(8, 'Olajban sütés', NULL, 'tűzhely');


/* Besorolas */
INSERT INTO `Besorolas` (`BesorolasID`, `Elnevezes`) VALUES
(1,'Evőeszköz'),
(2,'Szedőkanál'),
(3,'Szűrő'),
(4,'Keverőeszköz'),
(5,'Adagoló'),
(6,'Tálalóeszköz'),
(7,'Merítőeszköz'),
(8,'Vágóeszköz'),
(9,'Desszert evőeszköz'),
(10,'Speciális evőeszköz'),
(11,'Kellék'),
(12,'Konyhai kisgép'),
(13,'Konyhai nagygép'),
(14,'Edény');

/* Szerep  tábla */
INSERT INTO `szerep`(`SzerepID`, `Szerep`) 
VALUES ('1','Adminisztrátor'),
('2','Felhasználó');

/* Nehézségi szint */
INSERT INTO `nehezsegiszint` (`NehezsegiSzintID`, `Szint`) VALUES
(1, 1),
(2, 2),
(3, 3),
(4, 4),
(5, 5),
(6, 6),
(7, 7),
(8, 8),
(9, 9),
(10, 10);


/* Konyhai felszereles tábla */
INSERT INTO `KonyhaiFelszereles`
(`KonyhaiFelszerelesID`, `Nev`, `Kep`, `BesorolasID`, `Leiras`)
VALUES
(1,'Teáskanál','../../assets/kepek/konyhaiEszkoz/teaskanal.jpg',1,
'A teáskanál egy kis méretű evőeszköz, amelyet leggyakrabban tea, kávé vagy más italok keverésére, illetve cukor, méz adagolására használunk. Emellett alkalmas kisebb mennyiségű ételek fogyasztására és a konyhában mértékegységként is funkcionál (1 teáskanál ≈ 5 ml). Általában rozsdamentes acélból készül, de létezik műanyagból vagy porcelánból készült változata is. Kompakt mérete miatt kényelmes, praktikus, minden háztartás alapdarabja.'),
(2,'Evőkanál','../../assets/kepek/konyhaiEszkoz/evokanal.jpg',1,
'Az evőkanál egy nagyobb méretű evőeszköz, amelyet levesek, főzelékek és egyéb ételek fogyasztására használunk. A konyhában mérésre és adagolásra is alkalmas (1 evőkanál ≈ 15 ml). Leggyakrabban rozsdamentes acélból készül, de létezik műanyagból, fából vagy szilikonból készült változata is. Formája kényelmes fogást biztosít, ezért a mindennapi étkezések alapdarabja.'),
(3,'Pizzaszósz kanál','../../assets/kepek/konyhaiEszkoz/pizzaszosz_kanal.jpg',2,
'A pizzaszósz kanál egy kifejezetten pizza készítéshez használt konyhai eszköz, amely a paradicsomszósz egyenletes eloszlását szolgálja a pizzatészta felületén. Feje általában lapos, enyhén mélyített vagy kör alakú, így segít a szószt középről kifelé spirálisan elkenni. Leggyakrabban rozsdamentes acélból vagy műanyagból készül, nyelének kialakítása stabil fogást biztosít.'),
(4,'Spagettikanál','../../assets/kepek/konyhaiEszkoz/spagettikanal.jpg',2,
'A spagetti kanál főtt spagetti és egyéb hosszú tészták szedésére, adagolására szolgál. Jellegzetes fogazott, karmokra emlékeztető pereme segít a tészta megfogásában, miközben a felesleges folyadék lecsöpög. Közepén gyakran található egy lyuk, amely adagolásra is szolgál. Megkönnyíti a tálalást anélkül, hogy a tészta összetörne.'),
(5,'Hableszedő kanál','../../assets/kepek/konyhaiEszkoz/hableszedo_kanal.jpg',3,
'A hableszedő kanál főzés közben a levesek, húslevek vagy főzelékek tetején képződő hab eltávolítására szolgál. Általában lyukacsos vagy rácsos fejű, így a folyadék visszafolyik, a hab viszont fennmarad rajta. Hosszú nyelének köszönhetően biztonságosan használható forró ételeknél is.'),
(6,'Fakanál','../../assets/kepek/konyhaiEszkoz/fakanal.jpg',4,
'A fakanál hagyományos konyhai eszköz, amelyet keverésre, forgatásra és adagolásra használnak főzés közben. Leggyakrabban fából készül, ezért nem karcolja az edényeket és nem vezeti a hőt. Különösen alkalmas levesek, főzelékek, szószok és pörköltek keverésére.'),
(7,'Szilikonos spatula','../../assets/kepek/konyhaiEszkoz/szilikonos_spatula.jpg',4,
'A szilikon spatula korszerű konyhai eszköz, amelyet keverésre, kaparásra és kenésre használnak. Rugalmas feje lehetővé teszi, hogy az edény faláról maradék nélkül összegyűjtse az ételt vagy tésztát. Hőálló, nem karcolja az edényeket.'),
(8,'Koktélkanál','../../assets/kepek/konyhaiEszkoz/koktelkanal.jpg',1,
'A koktélkanál egy hosszú nyelű keverőkanál, amelyet koktélok és italok összekeverésére használnak, főként magas poharakban. Hosszú, vékony nyele lehetővé teszi, hogy az ital aljáig leérjen, csavart kialakítása segíti az egyenletes keverést.'),
(9,'Fagylaltos kanál','../../assets/kepek/konyhaiEszkoz/fagylaltos_kanal.jpg',5,
'A fagylaltos kanál speciálisan kialakított eszköz fagylalt adagolására és szervírozására. Feje félgömb alakú, így könnyen formáz szép, kerek adagokat. Gyakran hővezető fémből készül, amely megkönnyíti a kemény fagylalt kiszedését.'),
(10,'Tálalókanál','../../assets/kepek/konyhaiEszkoz/talalokanal.jpg',6,
'A tálalókanál nagy, erős kanál, amelyet főételek, köretek vagy saláták adagolására használnak. Segítségével a tálalás gyors, egyszerű és esztétikus.'),
(11,'Kézi habverő','../../assets/kepek/konyhaiEszkoz/kezi_habvero.jpg',4,
'A kézi habverő tojásfehérje, tejszín vagy különböző keverékek felverésére, habosítására szolgál. Fém drótfeje segít a levegő bekeverésében, így a keverék könnyű és egyenletes lesz.'),
(12,'Merőkanál','../../assets/kepek/konyhaiEszkoz/merokanal.jpg',7,
'A merőkanál nagy, mély kanál, amelyet levesek, főzelékek, szószok és egyéb folyékony ételek adagolására használnak. Hosszú nyele miatt biztonságosan elérhető vele a mély edények alja.'),
(13,'Kenőkés','../../assets/kepek/konyhaiEszkoz/kenokes.jpg',1,
'A kenőkés egy kis, lapos és széles pengéjű konyhai eszköz, amelyet vaj, margarin, krémek, dzsemek vagy egyéb kenhető anyagok szendvicsre vagy kenyérre való felvitelére használnak. Általában rozsdamentes acélból készül, de léteznek műanyag vagy szilikon változatai is. Kialakítása biztonságos, nem vág.'),
(14,'Séfkés','../../assets/kepek/konyhaiEszkoz/sefkes.jpg',8,
'A séfkés egy nagy, sokoldalú konyhai kés, amelyet zöldségek, húsok, halak és egyéb alapanyagok szeletelésére, aprítására használnak. Széles, enyhén ívelt pengéje lehetővé teszi a hajlított mozdulatokkal történő vágást. A konyhai munka egyik legfontosabb alapdarabja.'),
(15,'Hámozó','../../assets/kepek/konyhaiEszkoz/hamozo.jpg',8,
'A hámozó egy kisebb, kézi konyhai eszköz, amelyet zöldségek és gyümölcsök héjának eltávolítására használnak. Éles pengéje precíz munkát tesz lehetővé, miközben kevés hulladék keletkezik. Gyors, biztonságos és praktikus.'),
(16,'Kenyérvágó kés','../../assets/kepek/konyhaiEszkoz/kenyervago_kes.jpg',8,
'A kenyérvágó kés hosszú, fogazott pengéjű kés, amely könnyedén átvágja a ropogós kenyérhéjat anélkül, hogy a belsejét összenyomná. Ideális friss és pirított kenyerek szeletelésére.'),
(17,'Csontozókés','../../assets/kepek/konyhaiEszkoz/csontozokes.jpg',8,
'A csontozókés vékony, hegyes és rugalmas pengéjű kés, amely húsok csontjáról való leválasztására szolgál. Kialakítása lehetővé teszi a precíz vágást, minimális húsvesteséggel.'),
(18,'Filézőkés','../../assets/kepek/konyhaiEszkoz/filezokes.jpg',8,
'A filézőkés hosszú és hajlékony pengéjű kés, amelyet halak és húsok filézésére használnak. Segítségével a csontok és a bőr pontosan elválaszthatók a hústól.'),
(19,'Desszertkés','../../assets/kepek/konyhaiEszkoz/desszertkes.jpg',9,
'A desszertkés kisebb méretű kés, amelyet sütemények, torták és egyéb desszertek fogyasztására vagy szeletelésére használnak. Könnyű kezelhetősége elegáns étkezést biztosít.'),
(20,'Sajtkés','../../assets/kepek/konyhaiEszkoz/sajtkes.jpg',10,
'A sajtkés speciálisan kialakított kés különféle sajtok vágására és tálalására. Pengéje gyakran lyukacsos vagy recézett, hogy a sajt ne ragadjon rá.'),
(21,'Henteskés','../../assets/kepek/konyhaiEszkoz/henteskes.jpg',8,
'A henteskés egy nagy, masszív kés, amelyet nyers húsok feldolgozására, darabolására és szeletelésére használnak. Erős pengéje a vastag húsrészekkel is megbirkózik.'),
(22,'Pizzavágó','../../assets/kepek/konyhaiEszkoz/pizzavago.jpg',8,
'A pizzavágó kör alakú pengével rendelkező konyhai eszköz, amelyet pizza és más lapos ételek szeletelésére használnak. Gyors, pontos vágást tesz lehetővé.'),
(23,'Evővilla','../../assets/kepek/konyhaiEszkoz/evovilla.jpg',1,
'Az evővilla egy hagyományos evőeszköz, amelyet főként húsok, zöldségek, tészták és egyéb ételek fogyasztására használnak. Hosszú nyele kényelmes fogást biztosít, míg a három vagy négy villaág segít az étel biztonságos megragadásában. Leggyakrabban rozsdamentes acélból készül, és a mindennapi étkezések alapvető eszköze.'),
(24,'Desszert villa','../../assets/kepek/konyhaiEszkoz/desszert_villa.jpg',9,
'A desszertvilla kisebb méretű evőeszköz, amelyet sütemények, torták és egyéb desszertek fogyasztására használnak. Rövidebb és vékonyabb fogai lehetővé teszik a finom falatok precíz és elegáns elfogyasztását. Ünnepi és mindennapi alkalmakon egyaránt használatos.'),
(25,'Húsvilla','../../assets/kepek/konyhaiEszkoz/husvilla.jpg',6,
'A húsvilla hosszú, erős villa, amelyet sültek, nagyobb húsdarabok forgatására, megtartására és szeletelésére használnak. Két vagy több hosszú villaága stabil tartást biztosít, miközben a hús biztonságosan kezelhető főzés és tálalás során.'),
(26,'Vágódeszka','../../assets/kepek/konyhaiEszkoz/vagodeszka.jpg',11,
'A vágódeszka egy lapos, stabil felület, amelyet zöldségek, húsok, gyümölcsök és egyéb élelmiszerek szeletelésére használnak. Megóvja a kések élét és biztonságos munkafelületet biztosít.'),
(27,'Sütőkesztyű','../../assets/kepek/konyhaiEszkoz/sutokesztyu.jpg',11,
'A sütőkesztyű vastag, hőálló kesztyű, amely megvédi a kezet a forró edények és tepsik okozta sérülésektől.'),
(28,'Konyharuha','../../assets/kepek/konyhaiEszkoz/konyharuha.jpg',11,
'A konyharuha nedvszívó textil, amelyet edények törlésére, szárítására és a munkafelület tisztán tartására használnak.'),
(29,'Kötény','../../assets/kepek/konyhaiEszkoz/koteny.jpg',11,
'A kötény védőruházati kiegészítő, amely főzés közben megóvja a ruhát a szennyeződésektől és fröccsenésektől.'),
(30,'Tálalógyűrű','../../assets/kepek/konyhaiEszkoz/talalogyuru.jpg',11,
'A tálalógyűrű kör alakú forma, amely segít az ételek esztétikus, formázott tálalásában.'),
(31,'Késélező','../../assets/kepek/konyhaiEszkoz/keselezo.jpg',11,
'A késélező a kések élének karbantartására szolgál, biztosítva a könnyű és biztonságos vágást.'),
(32,'Konyhai mérleg','../../assets/kepek/konyhaiEszkoz/konyhai_merleg.jpg',11,
'A konyhai mérleg az alapanyagok pontos mérésére szolgál főzés és sütés során.'),
(33,'Szita','../../assets/kepek/konyhaiEszkoz/szita.jpg',11,
'A szita liszt, porcukor és egyéb alapanyagok szitálására vagy folyadékok szűrésére használható.'),
(34,'Reszelő','../../assets/kepek/konyhaiEszkoz/reszelo.jpg',11,
'A reszelő sajtok, zöldségek és gyümölcsök aprítására szolgáló konyhai eszköz.'),
(35,'Habzsák','../../assets/kepek/konyhaiEszkoz/habzsak.jpg',11,
'A habzsák krémek, habok és díszítő anyagok pontos adagolására és formázására használható.'),
(36,'Nokedliszaggató','../../assets/kepek/konyhaiEszkoz/nokedliszaggato.jpg',11,
'A nokedliszaggató a tészta gyors és egyenletes szaggatására szolgál.'),
(37,'Maghőmérő','../../assets/kepek/konyhaiEszkoz/maghomero.jpg',11,
'A maghőmérő az ételek belső hőmérsékletének mérésére szolgál, biztosítva a megfelelő átsülést.'),
(38,'Muffin sütőforma','../../assets/kepek/konyhaiEszkoz/muffin_sutoforma.jpg',11,
'A muffin sütőforma segít a muffinok és kis sütemények egyenletes sütésében.'),
(39,'Muffin papír','../../assets/kepek/konyhaiEszkoz/muffin_papir.jpg',11,
'A muffin papír megakadályozza a tészta letapadását, és esztétikus tálalást biztosít.'),
(40,'Sütőpapír','../../assets/kepek/konyhaiEszkoz/sutopapir.jpg',11,
'A sütőpapír megakadályozza az ételek letapadását és megkönnyíti a tisztítást.'),
(41,'Piteforma','../../assets/kepek/konyhaiEszkoz/piteforma.jpg',11,
'A piteforma piték és sütemények sütésére szolgáló kör alakú forma.'),
(42,'Tésztaszűrő','../../assets/kepek/konyhaiEszkoz/tesztaszuro.jpg',11,
'A tésztaszűrő főtt tészták és egyéb ételek leszűrésére szolgál.'),
(43,'Nyújtólap','../../assets/kepek/konyhaiEszkoz/nyujtolap.jpg',11,
'A nyújtólap sima felületet biztosít a tészta kinyújtásához.'),
(44,'Nyújtófa','../../assets/kepek/konyhaiEszkoz/nyujtofa.jpg',11,
'A nyújtófa henger alakú eszköz tészta egyenletes kinyújtásához.'),
(45,'Sütőrács','../../assets/kepek/konyhaiEszkoz/sutoracs.jpg',11,
'A sütőrács biztosítja az ételek egyenletes szellőzését sütés és hűtés során.'),
(46,'Ecset','../../assets/kepek/konyhaiEszkoz/ecset.jpg',11,
'A konyhai ecset vaj, tojás vagy olaj felvitelére szolgál.'),
(47,'Húsfogó csipesz','../../assets/kepek/konyhaiEszkoz/husfogo_csipesz.jpg',11,
'A húsfogó csipesz segít az ételek biztonságos forgatásában és emelésében.'),
(48,'Tortaforma','../../assets/kepek/konyhaiEszkoz/tortaforma.jpg',11,
'A tortaforma torták és sütemények sütésére szolgál.'),
(49,'Vákuumtasak','../../assets/kepek/konyhaiEszkoz/vakuumtasak.jpg',11,
'A vákuumtasak ételek frissen tartására és sous-vide főzéshez használható.'),
(50,'Tálca','../../assets/kepek/konyhaiEszkoz/talca.jpg',11,
'A tálca ételek és italok szállítására és tálalására szolgál.'),
(51,'Párolóbetét','../../assets/kepek/konyhaiEszkoz/parolobetet.jpg',11,
'A párolóbetét lehetővé teszi az ételek gőzben történő elkészítését.'),
(52,'Klopfoló','../../assets/kepek/konyhaiEszkoz/klopfolo.jpg',11,
'A klopfoló húsok puhítására és egyenletes vastagságúra lapítására szolgál.'),
(53,'Robotgép','../../assets/kepek/konyhaiEszkoz/robotgep.jpg',12,
'A robotgép egy elektromos konyhai eszköz, amelyet tészta dagasztására, krémek habosítására, zöldségek aprítására és egyéb konyhai műveletekre használnak. Különböző cserélhető fejeinek köszönhetően sokoldalúan használható, és jelentősen megkönnyíti a nagyobb mennyiségű alapanyag feldolgozását.'),
(54,'Elektromos habverő','../../assets/kepek/konyhaiEszkoz/elektromos_habvero.jpg',12,
'Az elektromos habverő tojások, krémek, tejszín és tészták gyors és egyenletes felverésére szolgáló konyhai kisgép. Forgó fém fejei segítségével időt és energiát takarít meg a kézi keveréshez képest.'),
(55,'Botmixer','../../assets/kepek/konyhaiEszkoz/botmixer.jpg',12,
'A botmixer kézben tartható elektromos eszköz, amelyet levesek, szószok, krémek és turmixok pépesítésére használnak közvetlenül az edényben. Gyors, praktikus és könnyen tisztítható.'),
(56,'Turmixgép','../../assets/kepek/konyhaiEszkoz/turmixgep.jpg',12,
'A turmixgép gyümölcsök, zöldségek, italok és levesek pépesítésére alkalmas elektromos eszköz. Erős motorja és éles pengéi sima, homogén állagot biztosítanak.'),
(57,'Vízforraló','../../assets/kepek/konyhaiEszkoz/vizforralo.jpg',12,
'A vízforraló elektromos eszköz víz gyors felforralására teák, kávék és instant ételek készítéséhez. Beépített automatikus kikapcsolással rendelkezik a biztonságos használat érdekében.'),
(58,'Szendvicssütő','../../assets/kepek/konyhaiEszkoz/szendvicssuto.jpg',12,
'A szendvicssütő elektromos konyhai kisgép, amely melegszendvicsek és toastok gyors elkészítésére szolgál. Tapadásmentes felülete biztosítja az egyenletes sütést.'),
(59,'Airfryer','../../assets/kepek/konyhaiEszkoz/airfryer.jpg',12,
'Az airfryer forró levegő keringetésével működő konyhai kisgép, amely minimális olaj felhasználásával teszi lehetővé az ételek ropogósra sütését.'),
(60,'Szeletelőgép','../../assets/kepek/konyhaiEszkoz/szeletelogep.jpg',12,
'A szeletelőgép húsok, sajtok és zöldségek egyenletes, vékony szeletekre vágására szolgáló konyhai eszköz, amely precíz és esztétikus eredményt biztosít.'),
(61,'Mikrohullámú sütő','../../assets/kepek/konyhaiEszkoz/mikrohullamu_suto.jpg',13,
'A mikrohullámú sütő elektromos konyhai nagygép, amelyet ételek gyors melegítésére, főzésére vagy kiolvasztására használnak. Mikrohullámok segítségével működik, így az étel rövid idő alatt egyenletesen felmelegszik. A modern konyhák alapvető eszköze.'),
(62,'Gáztűzhely','../../assets/kepek/konyhaiEszkoz/gaztuzhely.jpg',13,
'A gáztűzhely nyílt lánggal működő főzőberendezés, amely pontos és azonnali hőszabályozást tesz lehetővé. Főzéshez, sütéshez és pároláshoz egyaránt használható.'),
(63,'Indukciós főzőlap','../../assets/kepek/konyhaiEszkoz/indukcios_fozolap.jpg',13,
'Az indukciós főzőlap elektromos főzőeszköz, amely közvetlenül az edény alját melegíti. Gyors, energiatakarékos és biztonságos megoldást kínál a modern konyhákban.'),
(64,'Sous-vide gép','../../assets/kepek/konyhaiEszkoz/sous_vide_gep.jpg',13,
'A sous-vide gép vákuumtasakban történő, alacsony hőmérsékletű főzéshez használt eszköz. Pontos hőmérséklet-szabályozása lehetővé teszi a profi minőségű ételek elkészítését.'),
(65,'Fazék','../../assets/kepek/konyhaiEszkoz/fazek.jpg',14,
'A fazék mély, hőálló edény, amelyet levesek, főzelékek és tészták főzésére használnak. Fedővel együtt biztosítja az egyenletes hőeloszlást.'),
(66,'Lábas','../../assets/kepek/konyhaiEszkoz/labas.jpg',14,
'A lábas közepes méretű edény, amelyet szószok, krémek és kisebb adagok főzésére használnak. Fedővel együtt segít a hő megtartásában.'),
(67,'Nyeles lábas','../../assets/kepek/konyhaiEszkoz/nyeles_labas.jpg',14,
'A nyeles lábas hosszú nyéllel ellátott edény, amely megkönnyíti a főzést és az öntést. Különösen alkalmas szószok és levesek készítésére.'),
(68,'Bogrács','../../assets/kepek/konyhaiEszkoz/bogracs.jpg',14,
'A bogrács vastag falú fém edény, amelyet szabadtéri főzéshez, például gulyás és pörkölt készítéséhez használnak. A hagyományos magyar konyha fontos eszköze.'),
(69,'Fedő','../../assets/kepek/konyhaiEszkoz/fedo.jpg',14,
'A fedő az edények tetejére helyezhető eszköz, amely segít a hő és a gőz megtartásában, gyorsítva a főzési folyamatot.'),
(70,'Serpenyő','../../assets/kepek/konyhaiEszkoz/serpenyo.jpg',14,
'A serpenyő lapos edény, amelyet húsok, zöldségek és tojásételek gyors sütésére és pirítására használnak.'),
(71,'Keverőtál','../../assets/kepek/konyhaiEszkoz/keverotal.jpg',14,
'A keverőtál mély edény, amelyet tészták, krémek és saláták összekeverésére használnak. Praktikus és sokoldalú konyhai eszköz.'),
(72,'Tepsi','../../assets/kepek/konyhaiEszkoz/tepsi.jpg',14,
'A tepsi lapos sütőedény, amelyet sütemények, pizzák és egyéb ételek sütésére használnak a sütőben.'),
(73,'Hőálló tál','../../assets/kepek/konyhaiEszkoz/hoallo_tal.jpg',14,
'A hőálló tál magas hőmérsékletnek ellenálló edény, amely sütőben és mikrohullámú sütőben is használható.'),
(74,'Jénai','../../assets/kepek/konyhaiEszkoz/jenai.jpg',14,
'A jénai hőálló üvegedény, amely lehetővé teszi az ételek elkészítésének vizuális ellenőrzését sütés közben.'),
(75,'Öntöttvas edény','../../assets/kepek/konyhaiEszkoz/ontottvas_edeny.jpg',14,
'Az öntöttvas edény kiváló hőtartó képességgel rendelkező edény, amely ideális lassú főzéshez és sütéshez.');

/* Hozzávaló tábla */
INSERT INTO `hozzavalo` (`HozzavaloID`, `Elnevezes`, `Kep`) VALUES
(17, 'tojás', NULL),
(18, 'liszt', NULL),
(19, 'tej', NULL),
(20, 'cukor', NULL),
(21, 'olaj', NULL),
(22, 'só', NULL),
(23, 'szóda', NULL),
(24, 'vaj', NULL),
(25, 'lekvár', NULL),
(26, 'joghurt', NULL),
(27, 'gyümölcs', NULL),
(28, 'méz', NULL),
(29, 'zabpehely', NULL),
(30, 'kenyér', NULL),
(31, 'sárgarépa', NULL),
(32, 'fehérrépa', NULL),
(33, 'karalábé', NULL),
(34, 'zellergumó', NULL),
(35, 'vöröshagyma', NULL),
(36, 'petrezselyem', NULL),
(37, 'babérlevél', NULL),
(38, 'egész bors', NULL),
(39, 'víz', NULL),
(40, 'őrölt kömény', NULL),
(41, 'pirospaprika', NULL),
(42, 'ecet', NULL),
(43, 'sertés karajcsont', NULL),
(44, 'csigatészta', NULL),
(45, 'paradicsomlé', NULL),
(46, 'sűrített paradicsom', NULL),
(47, 'betűtészta', NULL),
(48, 'darált háztartási keksz', NULL),
(49, 'habtejszín', NULL),
(50, 'porcukor', NULL),
(51, 'vaníliás cukor', NULL),
(52, 'kakaópor', NULL),
(53, 'mascarpone', NULL),
(54, 'babapiskóta', NULL),
(55, 'kávé', NULL),
(56, 'rum / aroma', NULL),
(57, 'brokkoli', NULL),
(58, 'burgonya', NULL),
(59, 'főzőtejszín', NULL),
(60, 'sütőtök', NULL),
(61, 'bacon', NULL),
(62, 'levesgyöngy', NULL),
(63, 'csirkemell', NULL),
(64, 'rizs', NULL),
(65, 'bors', NULL),
(66, 'sertéskaraj', NULL),
(67, 'zsemlemorzsa', NULL),
(68, 'étolaj', NULL),
(69, 'spagetti', NULL),
(70, 'paradicsomszósz', NULL),
(71, 'főtt sonka', NULL),
(72, 'trappista sajt', NULL),
(73, 'sertéskaraj', NULL),
(74, 'zsemlemorzsa', NULL),
(75, 'étolaj', NULL),
(76, 'spagetti', NULL),
(77, 'paradicsomszósz', NULL),
(78, 'főtt sonka', NULL),
(79, 'trappista sajt', NULL),
(80, 'sertéskaraj', NULL),
(81, 'zsemlemorzsa', NULL),
(82, 'étolaj', NULL),
(83, 'spagetti', NULL),
(84, 'paradicsomszósz', NULL),
(85, 'főtt sonka', NULL),
(86, 'trappista sajt', NULL),
(87, 'sertéskaraj', NULL),
(88, 'zsemlemorzsa', NULL),
(89, 'étolaj', NULL),
(90, 'spagetti', NULL),
(91, 'paradicsomszósz', NULL),
(92, 'főtt sonka', NULL),
(93, 'trappista sajt', NULL);

INSERT INTO `arkategoria`(`ArkategoriaID`, `Arkategoria`) 
VALUES ('1','olcsó'),
('2','megfizethető'),
('3','drága');

/*Receptek tábla*/

/* Felhasználó tábla */
INSERT INTO `felhasznalo` (`FelhasznaloID`, `Vezeteknev`, `Keresztnev`, `Felhasznalonev`, `Emailcim`, `Jelszo`, `SzuletesiEv`, `Profilkep`, `OrszagID`, `RegisztracioEve`, `MegszerzettPontok`, `SzerepID`) 
VALUES ('1', 'Keresztúri', 'Hanna', 'hancsii', 'kerhanna05@gmail.com', '20f5f4fcd943a472b15a17d9c0901adb', '2005', '', '1', '2026', '0', '1');

/* Recept_Hozzavalo */
INSERT INTO `recept_hozzavalo` (`ReceptID`, `HozzavaloID`, `Mennyiseg`, `MertekegysegID`) VALUES
(8, 17, 2.00, 1),
(8, 21, 15.00, 2),
(8, 22, 1.00, 4),
(9, 17, 3.00, 1),
(9, 22, 1.00, 4),
(9, 24, 1.00, 3),
(10, 17, 2.00, 1),
(10, 21, 50.00, 2),
(10, 22, 1.00, 4),
(10, 30, 2.00, 1),
(11, 24, 10.00, 3),
(11, 25, 30.00, 3),
(11, 30, 2.00, 1),
(12, 26, 150.00, 3),
(12, 27, 100.00, 3),
(12, 28, 20.00, 3),
(13, 26, 150.00, 3),
(13, 28, 20.00, 3),
(13, 29, 40.00, 3),
(14, 17, 3.00, 1),
(14, 18, 240.00, 3),
(14, 19, 250.00, 2),
(14, 20, 30.00, 3),
(14, 21, 50.00, 2),
(14, 23, 250.00, 2),
(15, 21, 45.00, 2),
(15, 22, 1.00, 4),
(15, 31, 300.00, 3),
(15, 32, 200.00, 3),
(15, 33, 250.00, 3),
(15, 34, 200.00, 3),
(15, 35, 150.00, 3),
(15, 36, 30.00, 3),
(15, 37, 2.00, 1),
(15, 38, 5.00, 3),
(15, 39, 3000.00, 2),
(16, 17, 6.00, 1),
(16, 18, 30.00, 3),
(16, 21, 30.00, 2),
(16, 22, 1.00, 4),
(16, 37, 2.00, 1),
(16, 39, 1500.00, 2),
(16, 40, 2.00, 3),
(16, 41, 5.00, 3),
(16, 42, 15.00, 2),
(17, 22, 15.00, 3),
(17, 31, 300.00, 3),
(17, 32, 200.00, 3),
(17, 33, 300.00, 3),
(17, 34, 300.00, 3),
(17, 35, 150.00, 3),
(17, 38, 5.00, 3),
(17, 39, 2300.00, 2),
(17, 43, 500.00, 3),
(17, 44, 250.00, 3),
(18, 18, 30.00, 3),
(18, 20, 45.00, 3),
(18, 21, 45.00, 2),
(18, 22, 5.00, 3),
(18, 35, 150.00, 3),
(18, 39, 300.00, 2),
(18, 45, 800.00, 2),
(18, 46, 20.00, 3),
(18, 47, 200.00, 3),
(19, 22, 1.00, 3),
(19, 24, 100.00, 3),
(19, 48, 200.00, 3),
(19, 49, 400.00, 2),
(19, 50, 30.00, 3),
(19, 51, 8.00, 3),
(19, 52, 20.00, 3),
(19, 53, 100.00, 3),
(20, 17, 3.00, 1),
(20, 50, 50.00, 3),
(20, 51, 8.00, 3),
(20, 52, 10.00, 3),
(20, 53, 500.00, 3),
(20, 54, 225.00, 3),
(20, 55, 200.00, 2),
(20, 56, 30.00, 2),
(21, 22, 1.00, 4),
(21, 30, 40.00, 3),
(21, 57, 400.00, 3),
(21, 58, 200.00, 3),
(21, 59, 100.00, 2),
(22, 22, 1.00, 4),
(22, 35, 150.00, 3),
(22, 59, 100.00, 2),
(22, 60, 600.00, 3),
(22, 61, 40.00, 3),
(23, 20, 12.00, 3),
(23, 22, 1.00, 4),
(23, 45, 700.00, 2),
(23, 59, 100.00, 2),
(24, 22, 1.00, 4),
(24, 34, 300.00, 3),
(24, 58, 200.00, 3),
(24, 59, 100.00, 2),
(24, 62, 30.00, 3),
(25, 17, 6.00, 1),
(25, 18, 150.00, 3),
(25, 20, 150.00, 3),
(26, 17, 6.00, 1),
(26, 18, 150.00, 3),
(26, 20, 150.00, 3),
(26, 25, 200.00, 3),
(27, 21, 15.00, 2),
(27, 22, 1.00, 4),
(27, 57, 200.00, 3),
(27, 63, 250.00, 3),
(27, 64, 200.00, 3),
(27, 65, 1.00, 4);