/* Kategória tábla */
INSERT INTO `kategoria` (`KategoriaID`, `Kategoria`) VALUES
(1, 'Étel');

/* Alkategoria tábla */
INSERT INTO `alkategoria` (`AlkategoriaID`, `KategoriaID`, `Alkategoria`) VALUES
(1, 1, 'Reggeli'),
(2, 1, 'Desszert'),
(3, 1, 'Leves'),
(4, 1, 'Főétel');

/* Mértékegység */
INSERT INTO `mertekegyseg` (`MertekegysegID`, `Elnevezes`) VALUES
(1, 'db'),
(2, 'ml'),
(3, 'g'),
(4, 'ízlés szerint');

/* Ország */
INSERT INTO `orszag` (`OrszagID`, `Elnevezes`) VALUES
(1, 'Magyarország'),
(3, 'Franciaország'),
(4, 'Olaszország'),
(5, 'Spanyolország'),
(6, 'Egyesült Királyság'),
(7, 'Egyesült Államok'),
(8, 'Kanada'),
(9, 'Kína'),
(10, 'Japán'),
(11, 'Dél-Korea'),
(12, 'India'),
(13, 'Ausztrália'),
(14, 'Oroszország'),
(15, 'Brazília'),
(16, 'Mexikó'),
(17, 'Hollandia'),
(18, 'Belgium'),
(19, 'Svájc'),
(20, 'Ausztria'),
(21, 'Lengyelország'),
(22, 'Csehország'),
(23, 'Szlovákia'),
(24, 'Románia'),
(25, 'Svédország');

/* Elkészítési mód tábla */
INSERT INTO `elkeszitesimod` (`ElkeszitesiModID`, `ElkeszitesiMod`, `Hofok`, `Funkcio`) VALUES
(1, 'Serpenyőben sütés', NULL, 'tűzhely'),
(2, 'Nem sütős desszert', NULL, 'nincs'),
(3, 'Kenyérpirító', NULL, 'pirítás'),
(4, 'Főzés', NULL, 'tűzhely'),
(5, 'Lassú főzés', NULL, 'tűzhely'),
(6, 'Alsó-felső sütés', 180, 'sütő');


/* Besorolas */
INSERT INTO `Besorolas` (`BesorolasID`, `Elnevezes`) VALUES
(1,'Evőeszköz'),
(2,'Szedőkanál'),
(3,'Szűrő'),
(4,'Keverőeszköz'),
(5,'Adagoló'),
(6,'Tálalóeszköz'),
(7,'Merítőeszköz'),
(8,'Vágóeszköz'),
(9,'Desszert evőeszköz'),
(10,'Speciális evőeszköz'),
(11,'Kellék'),
(12,'Konyhai kisgép'),
(13,'Konyhai nagygép'),
(14,'Edény');

/* Szerep  tábla */
INSERT INTO `szerep`(`SzerepID`, `Szerep`) 
VALUES ('1','Adminisztrátor'),
('2','Felhasználó');

/* Nehézségi szint */
INSERT INTO `nehezsegiszint` (`NehezsegiSzintID`, `Szint`) VALUES
(1, 1),
(2, 2),
(3, 3),
(4, 4),
(5, 5),
(6, 6),
(7, 7),
(8, 8),
(9, 9),
(10, 10);


/* Konyhai felszereles tábla */
INSERT INTO KonyhaiFelszereles
(KonyhaiFelszerelesID, Nev, Kep, BesorolasID, Leiras)
VALUES
(1,'Teáskanál','../../assets/kepek/konyhaiEszkoz/teaskanal.jpg',1,
'A teáskanál egy kis méretű evőeszköz, amelyet leggyakrabban tea, kávé vagy más italok keverésére, illetve cukor, méz adagolására használunk. Emellett alkalmas kisebb mennyiségű ételek fogyasztására és a konyhában mértékegységként is funkcionál (1 teáskanál ≈ 5 ml). Általában rozsdamentes acélból készül, de létezik műanyagból vagy porcelánból készült változata is. Kompakt mérete miatt kényelmes, praktikus, minden háztartás alapdarabja.'),
(2,'Evőkanál','../../assets/kepek/konyhaiEszkoz/evokanal.jpg',1,
'Az evőkanál egy nagyobb méretű evőeszköz, amelyet levesek, főzelékek és egyéb ételek fogyasztására használunk. A konyhában mérésre és adagolásra is alkalmas (1 evőkanál ≈ 15 ml). Leggyakrabban rozsdamentes acélból készül, de létezik műanyagból, fából vagy szilikonból készült változata is. Formája kényelmes fogást biztosít, ezért a mindennapi étkezések alapdarabja.'),
(3,'Pizzaszósz kanál','../../assets/kepek/konyhaiEszkoz/pizzaszosz_kanal.jpg',2,
'A pizzaszósz kanál egy kifejezetten pizza készítéshez használt konyhai eszköz, amely a paradicsomszósz egyenletes eloszlását szolgálja a pizzatészta felületén. Feje általában lapos, enyhén mélyített vagy kör alakú, így segít a szószt középről kifelé spirálisan elkenni. Leggyakrabban rozsdamentes acélból vagy műanyagból készül, nyelének kialakítása stabil fogást biztosít.'),
(4,'Spagettikanál','../../assets/kepek/konyhaiEszkoz/spagettikanal.jpg',2,
'A spagetti kanál főtt spagetti és egyéb hosszú tészták szedésére, adagolására szolgál. Jellegzetes fogazott, karmokra emlékeztető pereme segít a tészta megfogásában, miközben a felesleges folyadék lecsöpög. Közepén gyakran található egy lyuk, amely adagolásra is szolgál. Megkönnyíti a tálalást anélkül, hogy a tészta összetörne.'),
(5,'Hableszedő kanál','../../assets/kepek/konyhaiEszkoz/hableszedo_kanal.jpg',3,
'A hableszedő kanál főzés közben a levesek, húslevek vagy főzelékek tetején képződő hab eltávolítására szolgál. Általában lyukacsos vagy rácsos fejű, így a folyadék visszafolyik, a hab viszont fennmarad rajta. Hosszú nyelének köszönhetően biztonságosan használható forró ételeknél is.'),
(6,'Fakanál','../../assets/kepek/konyhaiEszkoz/fakanal.jpg',4,
'A fakanál hagyományos konyhai eszköz, amelyet keverésre, forgatásra és adagolásra használnak főzés közben. Leggyakrabban fából készül, ezért nem karcolja az edényeket és nem vezeti a hőt. Különösen alkalmas levesek, főzelékek, szószok és pörköltek keverésére.'),
(7,'Szilikonos spatula','../../assets/kepek/konyhaiEszkoz/szilikonos_spatula.jpg',4,
'A szilikon spatula korszerű konyhai eszköz, amelyet keverésre, kaparásra és kenésre használnak. Rugalmas feje lehetővé teszi, hogy az edény faláról maradék nélkül összegyűjtse az ételt vagy tésztát. Hőálló, nem karcolja az edényeket.'),
(8,'Koktélkanál','../../assets/kepek/konyhaiEszkoz/koktelkanal.jpg',1,
'A koktélkanál egy hosszú nyelű keverőkanál, amelyet koktélok és italok összekeverésére használnak, főként magas poharakban. Hosszú, vékony nyele lehetővé teszi, hogy az ital aljáig leérjen, csavart kialakítása segíti az egyenletes keverést.'),
(9,'Fagylaltos kanál','../../assets/kepek/konyhaiEszkoz/fagylaltos_kanal.jpg',5,
'A fagylaltos kanál speciálisan kialakított eszköz fagylalt adagolására és szervírozására. Feje félgömb alakú, így könnyen formáz szép, kerek adagokat. Gyakran hővezető fémből készül, amely megkönnyíti a kemény fagylalt kiszedését.'),
(10,'Tálalókanál','../../assets/kepek/konyhaiEszkoz/talalokanal.jpg',6,
'A tálalókanál nagy, erős kanál, amelyet főételek, köretek vagy saláták adagolására használnak. Segítségével a tálalás gyors, egyszerű és esztétikus.'),
(11,'Kézi habverő','../../assets/kepek/konyhaiEszkoz/kezi_habvero.jpg',4,
'A kézi habverő tojásfehérje, tejszín vagy különböző keverékek felverésére, habosítására szolgál. Fém drótfeje segít a levegő bekeverésében, így a keverék könnyű és egyenletes lesz.'),
(12,'Merőkanál','../../assets/kepek/konyhaiEszkoz/merokanal.jpg',7,
'A merőkanál nagy, mély kanál, amelyet levesek, főzelékek, szószok és egyéb folyékony ételek adagolására használnak. Hosszú nyele miatt biztonságosan elérhető vele a mély edények alja.'),
(13,'Kenőkés','../../assets/kepek/konyhaiEszkoz/kenokes.jpg',1,
'A kenőkés egy kis, lapos és széles pengéjű konyhai eszköz, amelyet vaj, margarin, krémek, dzsemek vagy egyéb kenhető anyagok szendvicsre vagy kenyérre való felvitelére használnak. Általában rozsdamentes acélból készül, de léteznek műanyag vagy szilikon változatai is. Kialakítása biztonságos, nem vág.'),
(14,'Séfkés','../../assets/kepek/konyhaiEszkoz/sefkes.jpg',8,
'A séfkés egy nagy, sokoldalú konyhai kés, amelyet zöldségek, húsok, halak és egyéb alapanyagok szeletelésére, aprítására használnak. Széles, enyhén ívelt pengéje lehetővé teszi a hajlított mozdulatokkal történő vágást. A konyhai munka egyik legfontosabb alapdarabja.'),
(15,'Hámozó','../../assets/kepek/konyhaiEszkoz/hamozo.jpg',8,
'A hámozó egy kisebb, kézi konyhai eszköz, amelyet zöldségek és gyümölcsök héjának eltávolítására használnak. Éles pengéje precíz munkát tesz lehetővé, miközben kevés hulladék keletkezik. Gyors, biztonságos és praktikus.'),
(16,'Kenyérvágó kés','../../assets/kepek/konyhaiEszkoz/kenyervago_kes.jpg',8,
'A kenyérvágó kés hosszú, fogazott pengéjű kés, amely könnyedén átvágja a ropogós kenyérhéjat anélkül, hogy a belsejét összenyomná. Ideális friss és pirított kenyerek szeletelésére.'),
(17,'Csontozókés','../../assets/kepek/konyhaiEszkoz/csontozokes.jpg',8,
'A csontozókés vékony, hegyes és rugalmas pengéjű kés, amely húsok csontjáról való leválasztására szolgál. Kialakítása lehetővé teszi a precíz vágást, minimális húsvesteséggel.'),
(18,'Filézőkés','../../assets/kepek/konyhaiEszkoz/filezokes.jpg',8,
'A filézőkés hosszú és hajlékony pengéjű kés, amelyet halak és húsok filézésére használnak. Segítségével a csontok és a bőr pontosan elválaszthatók a hústól.'),
(19,'Desszertkés','../../assets/kepek/konyhaiEszkoz/desszertkes.jpg',9,
'A desszertkés kisebb méretű kés, amelyet sütemények, torták és egyéb desszertek fogyasztására vagy szeletelésére használnak. Könnyű kezelhetősége elegáns étkezést biztosít.'),
(20,'Sajtkés','../../assets/kepek/konyhaiEszkoz/sajtkes.jpg',10,
'A sajtkés speciálisan kialakított kés különféle sajtok vágására és tálalására. Pengéje gyakran lyukacsos vagy recézett, hogy a sajt ne ragadjon rá.'),
(21,'Henteskés','../../assets/kepek/konyhaiEszkoz/henteskes.jpg',8,
'A henteskés egy nagy, masszív kés, amelyet nyers húsok feldolgozására, darabolására és szeletelésére használnak. Erős pengéje a vastag húsrészekkel is megbirkózik.'),
(22,'Pizzavágó','../../assets/kepek/konyhaiEszkoz/pizzavago.jpg',8,
'A pizzavágó kör alakú pengével rendelkező konyhai eszköz, amelyet pizza és más lapos ételek szeletelésére használnak. Gyors, pontos vágást tesz lehetővé.'),
(23,'Evővilla','../../assets/kepek/konyhaiEszkoz/evovilla.jpg',1,
'Az evővilla egy hagyományos evőeszköz, amelyet főként húsok, zöldségek, tészták és egyéb ételek fogyasztására használnak. Hosszú nyele kényelmes fogást biztosít, míg a három vagy négy villaág segít az étel biztonságos megragadásában. Leggyakrabban rozsdamentes acélból készül, és a mindennapi étkezések alapvető eszköze.'),
(24,'Desszert villa','../../assets/kepek/konyhaiEszkoz/desszert_villa.jpg',9,
'A desszertvilla kisebb méretű evőeszköz, amelyet sütemények, torták és egyéb desszertek fogyasztására használnak. Rövidebb és vékonyabb fogai lehetővé teszik a finom falatok precíz és elegáns elfogyasztását. Ünnepi és mindennapi alkalmakon egyaránt használatos.'),
(25,'Húsvilla','../../assets/kepek/konyhaiEszkoz/husvilla.jpg',6,
'A húsvilla hosszú, erős villa, amelyet sültek, nagyobb húsdarabok forgatására, megtartására és szeletelésére használnak. Két vagy több hosszú villaága stabil tartást biztosít, miközben a hús biztonságosan kezelhető főzés és tálalás során.'),
(26,'Vágódeszka','../../assets/kepek/konyhaiEszkoz/vagodeszka.jpg',11,
'A vágódeszka egy lapos, stabil felület, amelyet zöldségek, húsok, gyümölcsök és egyéb élelmiszerek szeletelésére használnak. Megóvja a kések élét és biztonságos munkafelületet biztosít.'),
(27,'Sütőkesztyű','../../assets/kepek/konyhaiEszkoz/sutokesztyu.jpg',11,
'A sütőkesztyű vastag, hőálló kesztyű, amely megvédi a kezet a forró edények és tepsik okozta sérülésektől.'),
(28,'Konyharuha','../../assets/kepek/konyhaiEszkoz/konyharuha.jpg',11,
'A konyharuha nedvszívó textil, amelyet edények törlésére, szárítására és a munkafelület tisztán tartására használnak.'),
(29,'Kötény','../../assets/kepek/konyhaiEszkoz/koteny.jpg',11,
'A kötény védőruházati kiegészítő, amely főzés közben megóvja a ruhát a szennyeződésektől és fröccsenésektől.'),
(30,'Tálalógyűrű','../../assets/kepek/konyhaiEszkoz/talaloguru.jpg',11,
'A tálalógyűrű kör alakú forma, amely segít az ételek esztétikus, formázott tálalásában.'),
(31,'Késélező','../../assets/kepek/konyhaiEszkoz/keselezo.jpg',11,
'A késélező a kések élének karbantartására szolgál, biztosítva a könnyű és biztonságos vágást.'),
(32,'Konyhai mérleg','../../assets/kepek/konyhaiEszkoz/konyhai_merleg.jpg',11,
'A konyhai mérleg az alapanyagok pontos mérésére szolgál főzés és sütés során.'),
(33,'Szita','../../assets/kepek/konyhaiEszkoz/szita.jpg',11,
'A szita liszt, porcukor és egyéb alapanyagok szitálására vagy folyadékok szűrésére használható.'),
(34,'Reszelő','../../assets/kepek/konyhaiEszkoz/reszelo.jpg',11,
'A reszelő sajtok, zöldségek és gyümölcsök aprítására szolgáló konyhai eszköz.'),
(35,'Habzsák','../../assets/kepek/konyhaiEszkoz/habzsak.jpg',11,
'A habzsák krémek, habok és díszítő anyagok pontos adagolására és formázására használható.'),
(36,'Nokedliszaggató','../../assets/kepek/konyhaiEszkoz/nokedliszaggato.jpg',11,
'A nokedliszaggató a tészta gyors és egyenletes szaggatására szolgál.'),
(37,'Maghőmérő','../../assets/kepek/konyhaiEszkoz/maghomero.jpg',11,
'A maghőmérő az ételek belső hőmérsékletének mérésére szolgál, biztosítva a megfelelő átsülést.'),
(38,'Muffin sütőforma','../../assets/kepek/konyhaiEszkoz/muffin_sutoforma.jpg',11,
'A muffin sütőforma segít a muffinok és kis sütemények egyenletes sütésében.'),
(39,'Muffin papír','../../assets/kepek/konyhaiEszkoz/muffin_papir.jpg',11,
'A muffin papír megakadályozza a tészta letapadását, és esztétikus tálalást biztosít.'),
(40,'Sütőpapír','../../assets/kepek/konyhaiEszkoz/sutopapir.jpg',11,
'A sütőpapír megakadályozza az ételek letapadását és megkönnyíti a tisztítást.'),
(41,'Piteforma','../../assets/kepek/konyhaiEszkoz/piteforma.jpg',11,
'A piteforma piték és sütemények sütésére szolgáló kör alakú forma.'),
(42,'Tésztaszűrő','../../assets/kepek/konyhaiEszkoz/tesztaszuro.jpg',11,
'A tésztaszűrő főtt tészták és egyéb ételek leszűrésére szolgál.'),
(43,'Nyújtólap','../../assets/kepek/konyhaiEszkoz/nyujtolap.jpg',11,
'A nyújtólap sima felületet biztosít a tészta kinyújtásához.'),
(44,'Nyújtófa','../../assets/kepek/konyhaiEszzkoz/nyujtofa.jpg',11,
'A nyújtófa henger alakú eszköz tészta egyenletes kinyújtásához.'),
(45,'Sütőrács','../../assets/kepek/konyhaiEszkoz/sutoracs.jpg',11,
'A sütőrács biztosítja az ételek egyenletes szellőzését sütés és hűtés során.'),
(46,'Ecset','../../assets/kepek/konyhaiEszkoz/ecset.jpg',11,
'A konyhai ecset vaj, tojás vagy olaj felvitelére szolgál.'),
(47,'Húsfogó csipesz','../../assets/kepek/konyhaiEszkoz/husfogo_csipesz.jpg',11,
'A húsfogó csipesz segít az ételek biztonságos forgatásában és emelésében.'),
(48,'Tortaforma','../../assets/kepek/konyhaiEszkoz/tortaforma.jpg',11,
'A tortaforma torták és sütemények sütésére szolgál.'),
(49,'Vákuumtasak','../../assets/kepek/konyhaiEszkoz/vakuumtasak.jpg',11,
'A vákuumtasak ételek frissen tartására és sous-vide főzéshez használható.'),
(50,'Tálca','../../assets/kepek/konyhaiEszkoz/talca.jpg',11,
'A tálca ételek és italok szállítására és tálalására szolgál.'),
(51,'Párolóbetét','../../assets/kepek/konyhaiEszkoz/parolobetet.jpg',11,
'A párolóbetét lehetővé teszi az ételek gőzben történő elkészítését.'),
(52,'Klopfoló','../../assets/kepek/konyhaiEszkoz/klopfolo.jpg',11,
'A klopfoló húsok puhítására és egyenletes vastagságúra lapítására szolgál.'),
(53,'Robotgép','../../assets/kepek/konyhaiEszkoz/robotgep.jpg',12,
'A robotgép egy elektromos konyhai eszköz, amelyet tészta dagasztására, krémek habosítására, zöldségek aprítására és egyéb konyhai műveletekre használnak. Különböző cserélhető fejeinek köszönhetően sokoldalúan használható, és jelentősen megkönnyíti a nagyobb mennyiségű alapanyag feldolgozását.'),
(54,'Elektromos habverő','../../assets/kepek/konyhaiEszkoz/elektromos_habvero.jpg',12,
'Az elektromos habverő tojások, krémek, tejszín és tészták gyors és egyenletes felverésére szolgáló konyhai kisgép. Forgó fém fejei segítségével időt és energiát takarít meg a kézi keveréshez képest.'),
(55,'Botmixer','../../assets/kepek/konyhaiEszkoz/botmixer.jpg',12,
'A botmixer kézben tartható elektromos eszköz, amelyet levesek, szószok, krémek és turmixok pépesítésére használnak közvetlenül az edényben. Gyors, praktikus és könnyen tisztítható.'),
(56,'Turmixgép','../../assets/kepek/konyhaiEszkoz/turmixgep.jpg',12,
'A turmixgép gyümölcsök, zöldségek, italok és levesek pépesítésére alkalmas elektromos eszköz. Erős motorja és éles pengéi sima, homogén állagot biztosítanak.'),
(57,'Vízforraló','../../assets/kepek/konyhaiEszkoz/vizforralo.jpg',12,
'A vízforraló elektromos eszköz víz gyors felforralására teák, kávék és instant ételek készítéséhez. Beépített automatikus kikapcsolással rendelkezik a biztonságos használat érdekében.'),
(58,'Szendvicssütő','../../assets/kepek/konyhaiEszkoz/szendvicssuto.jpg',12,
'A szendvicssütő elektromos konyhai kisgép, amely melegszendvicsek és toastok gyors elkészítésére szolgál. Tapadásmentes felülete biztosítja az egyenletes sütést.'),
(59,'Airfryer','../../assets/kepek/konyhaiEszkoz/airfryer.jpg',12,
'Az airfryer forró levegő keringetésével működő konyhai kisgép, amely minimális olaj felhasználásával teszi lehetővé az ételek ropogósra sütését.'),
(60,'Szeletelőgép','../../assets/kepek/konyhaiEszkoz/szeletelogep.jpg',12,
'A szeletelőgép húsok, sajtok és zöldségek egyenletes, vékony szeletekre vágására szolgáló konyhai eszköz, amely precíz és esztétikus eredményt biztosít.'),
(61,'Mikrohullámú sütő','../../assets/kepek/konyhaiEszkoz/mikrohullamu_suto.jpg',13,
'A mikrohullámú sütő elektromos konyhai nagygép, amelyet ételek gyors melegítésére, főzésére vagy kiolvasztására használnak. Mikrohullámok segítségével működik, így az étel rövid idő alatt egyenletesen felmelegszik. A modern konyhák alapvető eszköze.'),
(62,'Gáztűzhely','../../assets/kepek/konyhaiEszkoz/gaztuzhely.jpg',13,
'A gáztűzhely nyílt lánggal működő főzőberendezés, amely pontos és azonnali hőszabályozást tesz lehetővé. Főzéshez, sütéshez és pároláshoz egyaránt használható.'),
(63,'Indukciós főzőlap','../../assets/kepek/konyhaiEszkoz/indukcios_fozolap.jpg',13,
'Az indukciós főzőlap elektromos főzőeszköz, amely közvetlenül az edény alját melegíti. Gyors, energiatakarékos és biztonságos megoldást kínál a modern konyhákban.'),
(64,'Sous-vide gép','../../assets/kepek/konyhaiEszkoz/sous_vide_gep.jpg',13,
'A sous-vide gép vákuumtasakban történő, alacsony hőmérsékletű főzéshez használt eszköz. Pontos hőmérséklet-szabályozása lehetővé teszi a profi minőségű ételek elkészítését.'),
(65,'Fazék','../../assets/kepek/konyhaiEszkoz/fazek.jpg',14,
'A fazék mély, hőálló edény, amelyet levesek, főzelékek és tészták főzésére használnak. Fedővel együtt biztosítja az egyenletes hőeloszlást.'),
(66,'Lábas','../../assets/kepek/konyhaiEszkoz/labas.jpg',14,
'A lábas közepes méretű edény, amelyet szószok, krémek és kisebb adagok főzésére használnak. Fedővel együtt segít a hő megtartásában.'),
(67,'Nyeles lábas','../../assets/kepek/konyhaiEszkoz/nyeles_labas.jpg',14,
'A nyeles lábas hosszú nyéllel ellátott edény, amely megkönnyíti a főzést és az öntést. Különösen alkalmas szószok és levesek készítésére.'),
(68,'Bogrács','../../assets/kepek/konyhaiEszkoz/bogracs.jpg',14,
'A bogrács vastag falú fém edény, amelyet szabadtéri főzéshez, például gulyás és pörkölt készítéséhez használnak. A hagyományos magyar konyha fontos eszköze.'),
(69,'Fedő','../../assets/kepek/konyhaiEszkoz/fedo.jpg',14,
'A fedő az edények tetejére helyezhető eszköz, amely segít a hő és a gőz megtartásában, gyorsítva a főzési folyamatot.'),
(70,'Serpenyő','../../assets/kepek/konyhaiEszkoz/serpenyo.jpg',14,
'A serpenyő lapos edény, amelyet húsok, zöldségek és tojásételek gyors sütésére és pirítására használnak.'),
(71,'Keverőtál','../../assets/kepek/konyhaiEszzkoz/keverotal.jpg',14,
'A keverőtál mély edény, amelyet tészták, krémek és saláták összekeverésére használnak. Praktikus és sokoldalú konyhai eszköz.'),
(72,'Tepsi','../../assets/kepek/konyhaiEszkoz/tepsi.jpg',14,
'A tepsi lapos sütőedény, amelyet sütemények, pizzák és egyéb ételek sütésére használnak a sütőben.'),
(73,'Hőálló tál','../../assets/kepek/konyhaiEszkoz/hoallo_tal.jpg',14,
'A hőálló tál magas hőmérsékletnek ellenálló edény, amely sütőben és mikrohullámú sütőben is használható.'),
(74,'Jénai','../../assets/kepek/konyhaiEszkoz/jenai.jpg',14,
'A jénai hőálló üvegedény, amely lehetővé teszi az ételek elkészítésének vizuális ellenőrzését sütés közben.'),
(75,'Öntöttvas edény','../../assets/kepek/konyhaiEszkoz/ontottvas_edeny.jpg',14,
'Az öntöttvas edény kiváló hőtartó képességgel rendelkező edény, amely ideális lassú főzéshez és sütéshez.');

/* Hozzávaló tábla */
INSERT INTO `hozzavalo` (`HozzavaloID`, `Elnevezes`, `Kep`) VALUES
(17, 'tojás', NULL),
(18, 'liszt', NULL),
(19, 'tej', NULL),
(20, 'cukor', NULL),
(21, 'olaj', NULL),
(22, 'só', NULL),
(23, 'szóda', NULL),
(24, 'vaj', NULL),
(25, 'lekvár', NULL),
(26, 'joghurt', NULL),
(27, 'gyümölcs', NULL),
(28, 'méz', NULL),
(29, 'zabpehely', NULL),
(30, 'kenyér', NULL),
(31, 'sárgarépa', NULL),
(32, 'fehérrépa', NULL),
(33, 'karalábé', NULL),
(34, 'zellergumó', NULL),
(35, 'vöröshagyma', NULL),
(36, 'petrezselyem', NULL),
(37, 'babérlevél', NULL),
(38, 'egész bors', NULL),
(39, 'víz', NULL),
(40, 'őrölt kömény', NULL),
(41, 'pirospaprika', NULL),
(42, 'ecet', NULL),
(43, 'sertés karajcsont', NULL),
(44, 'csigatészta', NULL),
(45, 'paradicsomlé', NULL),
(46, 'sűrített paradicsom', NULL),
(47, 'betűtészta', NULL),
(48, 'darált háztartási keksz', NULL),
(49, 'habtejszín', NULL),
(50, 'porcukor', NULL),
(51, 'vaníliás cukor', NULL),
(52, 'kakaópor', NULL),
(53, 'mascarpone', NULL),
(54, 'babapiskóta', NULL),
(55, 'kávé', NULL),
(56, 'rum / aroma', NULL),
(57, 'brokkoli', NULL),
(58, 'burgonya', NULL),
(59, 'főzőtejszín', NULL),
(60, 'sütőtök', NULL),
(61, 'bacon', NULL),
(62, 'levesgyöngy', NULL),
(63, 'csirkemell', NULL),
(64, 'rizs', NULL),
(65, 'bors', NULL),
(66, 'sertéskaraj', NULL),
(67, 'zsemlemorzsa', NULL),
(68, 'étolaj', NULL),
(69, 'spagetti', NULL),
(70, 'paradicsomszósz', NULL),
(71, 'főtt sonka', NULL),
(72, 'trappista sajt', NULL),
(73, 'sertéskaraj', NULL),
(74, 'zsemlemorzsa', NULL),
(75, 'étolaj', NULL),
(76, 'spagetti', NULL),
(77, 'paradicsomszósz', NULL),
(78, 'főtt sonka', NULL),
(79, 'trappista sajt', NULL),
(80, 'sertéskaraj', NULL),
(81, 'zsemlemorzsa', NULL),
(82, 'étolaj', NULL),
(83, 'spagetti', NULL),
(84, 'paradicsomszósz', NULL),
(85, 'főtt sonka', NULL),
(86, 'trappista sajt', NULL),
(87, 'sertéskaraj', NULL),
(88, 'zsemlemorzsa', NULL),
(89, 'étolaj', NULL),
(90, 'spagetti', NULL),
(91, 'paradicsomszósz', NULL),
(92, 'főtt sonka', NULL),
(93, 'trappista sajt', NULL);

/* Recept tábla */
INSERT INTO `recept`(`ReceptID`, `Nev`, `Kep`, `ElkeszitesiIdo`, `NehezsegiSzintID`, `BegyujthetoPontok`, `Adag`, `Elkeszitesi_leiras`, `ElkeszitesiModID`, `Koltseg`, `AlkategoriaID`, `Kaloria`) VALUES
(8, 'Tükörtojás', '../../assets/kepek/etelek/TukorTojas.webp\r\n', '00:10:00', 1, 15, 1, 'A tojásokat óvatosan üsd egy kis tálba vagy csészébe egyesével – így ha rossz lenne valamelyik, nem rontja el az egészet.\r\nMelegítsd fel az olajat vagy vajat egy kisebb serpenyőben közepes lángon. Az olaj akkor jó, ha enyhén csillog, de még nem füstöl (ha füstöl, vedd lejjebb a lángot, különben keserű lesz).\r\nHa a zsiradék forró, óvatosan csúsztasd bele a tojásokat a tálból (ne dobd bele nagy magasságból, nehogy szétfröccsenjen a zsiradék).\r\nSüsd addig, amíg a fehérje teljesen kifehéredik és megszilárdul, de a sárgája még lágy marad (kb. 3–4 perc). Ha kemény sárgáját szeretnél, fordítsd át a tojást még 10–15 másodpercre.\r\nSózd, borsozd, és azonnal tálald pirítóssal vagy friss zöldséggel.\r\nÍzesítsd sóval, borssal, és azonnal tálald.\r\n', 1, 180, 1, 180.00),
(9, 'Tojásrántotta', '../../assets/kepek/etelek/Rantotta.webp', '00:05:00', 1, 15, 1, 'Verd fel a tojásokat egy tálban villával vagy habverővel, sózd meg enyhén. Ne verd túl habosra, csak keverd össze.\r\nOlvaszd meg a vajat (vagy melegítsd az olajat) egy serpenyőben közepes lángon.\r\nÖntsd bele a tojást. Folyamatosan keverd fakanállal vagy szilikon spatulával körkörös mozdulatokkal, hogy egyenletesen süljön (kb. 2–3 perc).\r\nVedd le a tűzről, amikor már majdnem kész, de még kicsit lágy, krémes az állaga – a maradék hő tovább főzi.\r\nTálald azonnal, mellé félbevágott koktélparadicsommal vagy más friss körettel.\r\n', 1, 200, 1, 210.00),
(10, 'Bundás kenyér', '../../assets/kepek/etelek/bundasKenyer.webp\r\n', '00:10:00', 1, 15, 1, 'Verd fel a tojásokat egy lapos tányérban vagy tálban, sózd meg enyhén.\r\nMártsd bele a kenyérszeleteket rövid időre (2–3 másodperc oldalanként) – ne áztasd túl, különben szétesik!\r\nHevíts bő olajat egy serpenyőben közepes lángon. Ellenőrizd: ha egy kis tojásos morzsát beledobsz, azonnal pezsegnie kell.\r\nTedd bele a beáztatott kenyereket, süsd mindkét oldalon aranybarnára (oldalanként kb. 2–3 perc).\r\nPapírtörlőre szedd ki, hogy lecsepegjen a felesleges olaj.\r\n', 1, 300, 1, 350.00),
(11, 'Pirítós vajjal vagy lekvárral', '../../assets/kepek/etelek/PiritosKenyer.webp\r\n', '00:05:00', 1, 15, 1, 'Tedd a kenyereket kenyérpirítóba és pirítsd meg (vagy serpenyőben 1–2 perc oldalanként közepes lángon, vaj nélkül).\r\nAmint kész, kend meg vékonyan vajjal (vagy vastagabban lekvárral).\r\nAzonnal fogyaszd, amíg ropogós.\r\n', 1, 120, 1, 200.00),
(12, 'Gyümölcsös joghurtos pohárkrém', '../../assets/kepek/etelek/GyumolcsosPohardesszert.webp', '00:05:00', 1, 10, 1, 'A gyümölcsöt mosd meg, ha szükséges, vágd kisebb darabokra (fagyasztottat hagyd kicsit felengedni).\r\nEgy átlátszó pohárba rétegezd: alul egy kis joghurt, rá gyümölcs, majd ismét joghurt – így szép lesz réteges.\r\nVégül csurgasd rá a mézet.\r\nTedd hűtőbe 10–15 percre, hogy az ízek összeérjenek (de azonnal is fogyasztható).\r\n', 2, 400, 2, 220.00),
(13, 'Zabpelyhes-mézes pohárdesszert', '../../assets/kepek/etelek/ZabpelyhesMezesPohardesszert.webp', '00:05:00', 1, 10, 1, 'Egy pohárba rétegezd: alul egy kevés joghurt, rá zabpehely, majd ismét joghurt – összesen 2–3 réteg.\r\nCsurgasd rá a mézet a tetejére.\r\nTedd hűtőbe 5–10 percre (vagy akár 30 percre), hogy a zab kissé megpuhuljon és az ízek összeérjenek.\r\nKeverd át evés előtt, ha krémesebb állagot szeretnél.\r\n', 2, 250, 2, 300.00),
(14, 'Palacsinta', '../../assets/kepek/etelek/Palacsinta.webp', '00:05:00', 1, 10, 1, 'Egy nagy tálban verd fel a tojásokat a cukorral/sóval.\r\nAdd hozzá a lisztet, tejet, szódát és olajat. Keverd simára botmixerrel vagy kézi habverővel – a tészta legyen híg palacsinta tészta állagú (kicsit legyen hígabb mint a tejföl). Ha csomós, szűrd át.\r\nHevíts egy palacsintasütőt vagy tapadásmentes serpenyőt közepes lángon, kenj ki vékonyan olajjal (papírtörlővel).\r\nMerj bele egy merőkanál tésztát, döntsd meg a serpenyőt, hogy vékonyan elterüljön.\r\nSüsd kb. 1–1,5 percig, amíg a széle elválik és a teteje már nem folyós – akkor fordítsd meg.\r\nA másik oldalát is süsd 30–60 másodpercig.\r\nA kész palacsintákat tányérra rakd, fedd le, hogy ne száradjanak ki. \r\n\r\nSós verzióhoz, hagyjuk el a cukrot belőle, és mehet bele 2 csipet só.\r\n', 1, 400, 2, 220.00),
(15, 'Zöldségleves', '../../assets/kepek/etelek/ZoldsegLeves.webp', '01:00:00', 2, 15, 4, 'A zöldségeket (sárgarépa, fehérrépa, karalábé, zeller, hagyma) tisztítsd meg és vágd egyforma méretűre (kb. 1–2 cm-es kockákra vagy karikákra), hogy egyszerre puhuljanak. A hagymát hagyd egészben vagy félbe vágva.\r\nEgy nagyobb lábasban melegítsd fel az olajat közepes lángon (ne füstöljön!).\r\nTedd bele a hagymát és a keményebb gyökérzöldségeket (répa, zeller, fehérrépa). Párold 8–12 percig, időnként megkeverve, amíg a hagyma üveges lesz és a zöldségek enyhén megpuhulnak – ez nagyon fontos lépés, mert itt mélyülnek az ízek.\r\nÖntsd fel kb. 3 liter hideg vízzel (hideg víz = tisztább leves).\r\nAdd hozzá a petrezselyem szárát (csokorba kötve, hogy könnyű legyen később kivenni), a babérleveleket, egész borsot és sót ízlés szerint, ha van tea tojásod, akkor abba tedd bele a borsot, így nem fog zavarni evés közben.\r\nForrald fel, majd vedd vissza a lángot alacsonyra, hogy csak gyöngyözzön (ne forrjon nagyon). Fedő nélkül vagy félig fedve főzd kb. 20–25 percig.\r\nAmikor a gyökérzöldségek már majdnem puhák (villával könnyen átszúrhatók), a karalábét.\r\nFőzd tovább még 10–15 percig, amíg minden zöldség tökéletesen puha, de nem esik szét.\r\nVedd ki a petrezselyem szárát, babérlevelet és hagymát (ha egészben hagytad).\r\nSzórd meg friss aprított petrezselyemmel, kóstold meg, szükség szerint utánízesítsd, és forrón tálald.\r\n', 4, 1200, 3, 100.00),
(16, 'Tojásleves', '../../assets/kepek/etelek/Tojasleves.webp', '00:25:00', 2, 15, 4, 'Egy lábasban melegítsd fel az olajat közepes lángon.\r\nSzórd bele a lisztet, és folyamatos keverés mellett pirítsd 2–3 percig, amíg világosbarna, dióillatú rántás lesz (ne sötétedjen meg, különben keserű!).\r\nVedd le a tűzről, szórj bele a pirospaprikát, gyorsan keverd el (így nem ég le), majd azonnal öntsd fel kb. 1,5 liter hideg vízzel kis adagokban, közben folyamatosan keverd, hogy ne legyen csomós.\r\nTedd vissza a tűzre, add hozzá a babérlevelet, őrölt köményt, sót és borsot.\r\nForrald fel, majd alacsony lángon főzd 10–12 percig, hogy a rántás íze kioldódjon.\r\nKözben verd fel 2 tojást egy tálban villával. Amikor a leves gyöngyözik, vékony sugárban öntsd bele a felvert tojást, közben folyamatosan keverd – így csíkok lesznek belőle (nem gombócok).\r\nA maradék 4 tojást óvatosan, egyesével üsd bele a levesbe (közvetlenül a felszínre). Fedő nélkül főzd még 3–4 percig, amíg a tojások kifehérednek, de a sárgája lágy marad.\r\nVégül ízesítsd ecettel (kezdj 1 ek-kel, kóstold, mert savasabb lesz tőle).\r\nTálald forrón, a benne főtt tojásokkal együtt.\r\n', 4, 450, 3, 120.00),
(17, 'Egyszerű húsleves alap', '../../assets/kepek/etelek/Husleves.webp', '02:30:00', 2, 15, 5, 'A sertés karajcsontot mosd át hideg vízben, tedd egy nagy fazékba.\r\nÖntsd fel hideg vízzel (kb. 2–2,5 liter, hogy ellepje), és közepes lángon melegítsd.\r\nAmint felforr és hab keletkezik a tetején, vedd le a lángot alacsonyra, és egy szűrővel folyamatosan szedd le a habot – ez nagyon fontos a tiszta, arany színű leveshez (kb. 5-10 percig szedjed).\r\nAmikor már alig jön hab, add hozzá a megtisztított, nagyobb darabokra vágott zöldségeket (sárgarépa, fehérrépa, zeller, karalábé, egész hagyma), sót és egész borsot, itt is használj tea tojást, hogy elkerüld a kiszedett levesben a bors darabokat.\r\nForrald fel újra, majd vedd vissza a legkisebb lángra (csak gyöngyözzön), fedővel félig letakarva főzd nagyon lassan 2–2,5 órán át. Időnként ellenőrizd, ha elfőtte a levét, pótolj forró vizet (hideget ne, mert zavaros lesz).\r\nAmikor a hús már omlós és a zöldségek teljesen puhák, szűrd le a levest egy finom szűrőn vagy tiszta konyharuhán keresztül.\r\nA húst és zöldségeket tedd vissza a levesbe, vagy külön tálald.\r\nA tésztát (csigatészta) külön sós vízben főzd ki a csomagolás szerint, majd öntsd a forró levesbe tálaláskor.', 5, 2000, 3, 180.00),
(18, 'Paradicsomleves betűtésztával', '../../assets/kepek/etelek/ParadicsomLeves.webp\n', '00:30:00', 2, 15, 4, 'Egy lábasban melegítsd fel az olajat, szórj bele lisztet, és kevergetve pirítsd 2–3 percig világos rántássá (világosbarna, dióillatú – ne sötétedjen!).\r\nVedd le a tűzről, öntsd hozzá a paradicsomlevet és a vizet folyamatos keverés mellett (így nem csomósodik).\r\nTedd vissza a tűzre.\r\nTedd bele az egészben hagyott vöröshagymát (ízesít, de később kiveszed).\r\nÍzesítsd cukorral (kiegyenlíti a savasságot), sóval és sűrített paradicsommal.\r\nForrald fel, majd alacsony lángon főzd 15–20 percig, időnként megkeverve.\r\nKözben főzd ki a betűtésztát külön sós vízben a csomagoláson írt idő szerint, majd szűrd le.\r\nVedd ki a hagymát a levesből, keverd bele a kifőtt tésztát.\r\nKóstold meg, szükség szerint utánízesítsd, és forrón tálald.', 4, 700, 3, 130.00),
(19, 'Kekszes–tejszínes pohárkrém', '../../assets/kepek/etelek/KekszesPoharKrem.webp', '01:00:00', 2, 10, 2, 'A darált kekszet keverd össze az olvasztott vajjal és porcukorral – legyen nedves, morzsás állagú (mint morzsa tészta).\r\nA hideg habtejszínt verd kemény habbá a porcukorral és vaníliás cukorral (elektromos habverővel közepes sebességen 2–4 perc – ha túlvered, vaj lesz). Ha mascarpone van, keverd bele simára.\r\nA kakaóport keverd el egy kis kekszmorzsával, hogy ne legyen csomós.\r\nPoharakba rétegezd: alul kekszmorzsa, rá tejszínhab, majd kakaós morzsa – ismételj 2–3 réteget.\r\nA tetejét díszítsd kekszmorzsával vagy kakaóporral.\r\nHűtsd legalább 2–3 órát (vagy akár egy éjszakát), hogy összeérjenek az ízek és megszilárduljon.', 2, 2000, 2, 400.00),
(20, 'Tiramisu', '../../assets/kepek/etelek/Tiramisu.webp', '00:25:00', 2, 20, 6, 'Készítsd el a kávét (erős, cukor nélkül), hagyd teljesen kihűlni. Ha rumot használsz, keverd bele most.\r\nA tojássárgákat keverd habosra a porcukorral és vaníliás cukorral (kézi vagy elektromos habverővel 3–4 perc).\r\nAdd hozzá a mascarponét, keverd simára.\r\nA tojásfehérjéket verd kemény habbá (tisztán, zsírmentesen – ha fejjel lefelé fordítod a tálat, nem folyik ki). Óvatosan, alulról felfelé forgatva keverd a mascarponés krémhez.\r\nA babapiskótákat gyorsan (1–2 másodperc) mártsd a kávéba (ne áztasd túl, különben szétázik).\r\nEgy tál aljára rakj egy réteg kávéba mártott piskótát, kend rá a krém felét.\r\nIsmételd: újabb réteg piskóta + maradék krém.\r\nSimítsd el a tetejét, szórd meg vastagon kakaóporral szitán keresztül.\r\nHűtsd legalább 4–6 órát (legjobb egy éjszaka), hogy összeérjen és szeletelhető legyen.', 2, 4000, 2, 460.00),
(21, 'Brokkolikrémleves', '../../assets/kepek/etelek/BrokkoliKremLeves.webp', '00:45:00', 3, 20, 2, 'A brokkolit szedd rózsáira (a vastag, fás szárakat vágd le és dobd ki, vagy ha nagyon fiatal brokkoli, vékonyan szeleteld fel és használd fel).\r\nA burgonyát hámozd meg és vágd közepes kockákra (kb. 2 cm-es darabokra).\r\nTedd a brokkolit és a burgonyát egy lábasba, öntsd fel annyi enyhén sós vízzel, hogy ellepje (kb. 8–10 dl).\r\nForrald fel, majd alacsony-közepes lángon főzd puhára kb. 10–12 percig (a burgonya és a brokkoli vége legyen villával könnyen átszúrható, de ne essen szét).\r\nSzűrd le a főzőlevet egy tálba (ne öntsd ki – kb. 2–3 dl-t tarts meg félre).\r\nA zöldségeket tedd turmixgépbe vagy botmixerrel dolgozd simára a lábasban. Ha túl sűrű, fokozatosan adj hozzá a félretett főzőléből, amíg krémes, de nem túl híg állagot kapsz.\r\nFontos biztonsági lépés: Ha forró a leves, vedd le a turmixgép fedeléről a kis központi dugót (vagy hagyd résnyire nyitva a fedelet), hogy a gőz távozhasson – különben felrobbanthatja a fedelet és megéget!\r\nTedd vissza a krémet a lábasba, öntsd hozzá a főzőtejszínt, keverd el jól.\r\nLassú tűzön melegítsd össze 1–2 percig (ne forrald túl, mert kicsapódhat a tejszín).\r\nSózd ízlés szerint (a brokkoli már sós főzővízből jött).\r\nKözben a kenyeret kockázd fel, pirítsd ropogósra kevés olajon vagy vajon egy serpenyőben.\r\nTálald forrón, a tetejére szórva a pirított kenyérkockákat.', 4, 850, 3, 110.00),
(22, 'Sütőtökkrémleves', '../../assets/kepek/etelek/SutotokKremLeves.webp', '00:50:00', 3, 20, 2, 'A sütőtököt pucold meg, magozd ki, vágd közepes darabokra (kb. 3–4 cm-es).\r\nTedd sütőpapírral bélelt tepsibe, sózd enyhén, és süsd előmelegített sütőben 180 °C-on kb. 25–35 percig, amíg teljesen puha és karamellizálódik a széle (villával könnyen átszúrható).\r\nKözben a hagymát finomra aprítsd, és pirítsd meg kevés olajon egy lábasban közepes lángon üvegesre (kb. 5–6 perc).\r\nAdd hozzá a sült tökdarabokat a hagymához, öntsd fel kb. 4–5 dl vízzel (vagy amennyi ellepi).\r\nForrald fel, majd alacsony lángon főzd 5–8 percig, hogy az ízek összeérjenek.\r\nTurmixold simára botmixerrel vagy turmixgépben (ugyanaz a biztonsági figyelmeztetés: gőz miatt résnyire nyitott fedél!).\r\nÖntsd hozzá a főzőtejszínt, keverd el, sózd ízlés szerint.\r\nLassú tűzön melegítsd össze 1–2 percig (ne forrald).\r\nKözben a bacont vágd csíkokra vagy kockára, pirítsd ropogósra serpenyőben (zsírjára sütve).\r\nTálald a levest forrón, a tetejére szórva a pirított bacont.', 4, 900, 3, 150.00),
(23, 'Paradicsomkrémleves', '../../assets/kepek/etelek/ParadicsomKremLeves.webp', '00:15:00', 3, 20, 2, 'Öntsd a paradicsomlevet egy lábasba, melegítsd közepes lángon gyöngyözésig (ne forrald vadul).\r\nÍzesítsd sóval és cukorral (a cukor kiegyenlíti a paradicsom savasságát – kezdj 1 ek cukorral, kóstold).\r\nÖntsd hozzá a főzőtejszínt, keverd el jól.\r\nMelegítsd tovább alacsony lángon 3–5 percig, amíg összeforrósodik és krémes lesz (ne forrald túl, mert kicsapódhat a tejszín).\r\nKóstold meg, szükség szerint utánízesítsd.\r\nForrón tálald (opcionális: pirított kenyérkockával vagy bazsalikomlevéllel).', 4, 500, 3, 120.00),
(24, 'Zellerkrémleves', '../../assets/kepek/etelek/ZellerKremLeves.webp', '00:45:00', 3, 20, 2, 'A zellergumót és a burgonyát hámozd meg, vágd közepes kockákra (kb. 2 cm).\r\nTedd egy lábasba, öntsd fel enyhén sós vízzel (kb. 8–10 dl, hogy ellepje).\r\nForrald fel, majd alacsony-közepes lángon főzd puhára kb. 12–15 percig (a zeller és burgonya legyen teljesen puha).\r\nSzűrd le a főzőlevet egy tálba, tarts meg kb. 2–3 dl-t félre.\r\nA zöldségeket turmixold simára a félretett főzőlével (gőz miatt résnyire nyitott fedél!).\r\nÖntsd hozzá a főzőtejszínt, keverd simára.\r\nSózd ízlés szerint, lassú tűzön melegítsd össze 1–2 percig.\r\nTálald forrón, a tetejére szórva levesgyöngyöt (vagy pirított kenyérkockát).', 4, 650, 3, 100.00),
(25, 'Alap piskóta', '../../assets/kepek/etelek/Piskota.webp', '00:25:00', 3, 15, 12, 'Melegítsd elő a sütőt 180 °C-ra (alsó-felső sütés, légkeverés esetén 160–170 °C).\r\nA tojásokat óvatosan válaszd szét: a fehérjébe egyáltalán ne kerüljön sárgája, mert akkor nem lesz kemény hab (használj 3 tálat: egyik a fehérjéknek, egyik a sárgáknak, egyik a töréshez).\r\nA tojásfehérjéket verd kemény habbá elektromos habverővel (kezd alacsony sebességgel, majd emeld közepesre). Ellenőrizd: ha fejjel lefelé fordítod a tálat, a hab nem folyik ki.\r\nA tojássárgákat keverd habosra a cukorral (3–4 percig, világos sárga, krémes állag).\r\nÓvatosan forgasd a hab felét a sárgás masszába (alulról felfelé, ne keverd túl erősen, hogy ne essen össze a hab).\r\nSzitáld hozzá a lisztet (fontos a szitálás, hogy ne legyen csomós), és finoman forgasd bele.\r\nÖntsd a masszát sütőpapírral bélelt tepsibe (kb. 30×40 cm, vagy tortaforma). Egyenletesen simítsd el.\r\nSüsd 180 °C-on 10–12 percig (tűpróba: ha tisztán jön ki a fogpiszkáló, kész).\r\nVedd ki, hagyd hűlni a tepsiben 5 percig, majd borítsd ki rácsra.', 6, 350, 2, 160.00),
(26, 'Piskótatekercs', '../../assets/kepek/etelek/Piskotatekercs.webp', '00:30:00', 3, 15, 12, 'Melegítsd elő a sütőt 180 °C-ra (alsó-felső).\r\nUgyanaz a tojásszétválasztás és habverés, mint az alap piskótánál (lásd fent).\r\nA masszát öntsd sütőpapírral bélelt tepsibe, egyenletesen simítsd el vékonyra (kb. 1 cm vastag réteg).\r\nSüsd 10–12 percig, amíg a teteje aranybarna és ruganyos (ne süsd túl, különben törni fog tekercseléskor).\r\nAmíg sül, készíts elő egy tiszta konyharuhát, szórj rá kevés porcukrot (hogy ne ragadjon rá a piskóta).\r\nAmint kiveszed a sütőből, azonnal borítsd ki a forró piskótát a porcukros ruhára, húzd le óvatosan a sütőpapírt.\r\nTekerd fel szorosan a konyharuhával együtt (ez tartja formában hűlés közben).\r\nHagyd teljesen kihűlni (kb. 30–40 perc).\r\nÓvatosan tekerd ki, kend meg vékonyan lekvárral (ne legyen túl vastag, különben kifolyik).\r\nTekerd vissza szorosan (ruha nélkül), csomagold fóliába, és tedd hűtőbe 1 órára, hogy szeletelhető legyen.', 6, 500, 2, 180.00),
(27, 'Sült csirkemell rizzsel', '../../assets/kepek/etelek/CsirkeRizs.webp', '00:30:00', 4, 20, 1, 'A csirkemellet mosd meg hideg vízben, majd papírtörlővel alaposan töröld szárazra (ez nagyon fontos, hogy ne engedjen levet sütés közben és szép kérget kapjon).\r\nVágd egyenletes vastagságú szeletekre vagy csíkokra (kb. 1–1,5 cm vastag), hogy egyszerre süljön át.\r\nSózd és borsozd mindkét oldalát.\r\nEgy serpenyőben hevíts fel 1 ek olajat közepes lángon (az olaj akkor jó, ha enyhén csillog, de nem füstöl).\r\nTedd bele a csirkeszeleteket egy rétegben (ne zsúfold túl, mert akkor párolódik, nem sül). Süsd oldalanként 4–6 percig, amíg aranybarna kérget kap és a belseje már nem rózsaszín (belső hőmérséklet kb. 75 °C). Ne süsd túl, mert kiszárad!\r\nKözben a rizst mérd ki: 1 bögre rizshez 2 bögre vizet. Egy lábasban pirítsd a rizst 1–2 percig kevés olajon (üveges lesz), sózd, öntsd fel vízzel, forrald fel, majd alacsony lángon fedő alatt főzd 12–15 percig, amíg a víz teljesen felszívódik. Hagyd pihenni 5 percet fedő alatt.\r\nA brokkolit szedd rózsáira, tedd forrásban lévő sós vízbe, főzd 5–7 percig (roppanós maradjon). Szűrd le.\r\nTálald a csirkét a rizzsel és brokkolival együtt.', 1, 1000, 4, 500.00),
(30, 'Milánói sertésborda', '../../assets/kepek/etelek/MilanoiSertesborda.webp', '00:40:00', 4, 20, 1, 'Rántott sertésborda\r\nA sertésszeletet klopfolóval óvatosan klopfold ki, hogy egyenletes vastagságú legyen.\r\nSózd és borsozd meg mindkét oldalát.\r\nKészíts elő három tányért:\r\naz egyikbe lisztet,\r\na másikba felvert tojást,\r\na harmadikba zsemlemorzsát.\r\nA hússzeletet panírozd liszt → tojás → zsemlemorzsa sorrendben.\r\nÜgyelj arra, hogy mindenhol egyenletesen fedje a panír.\r\nEgy serpenyőben hevíts bő olajat közepes lángon.\r\n(Az olaj akkor jó, ha a belepottyantott morzsa azonnal pezseg.)\r\nSüsd ki a húst oldalanként kb. 4–5 perc alatt, amíg szép aranybarna nem lesz.\r\nSzedd ki papírtörlőre, hogy a felesleges olaj lecsepegjen.\r\nMilánói tészta\r\nEgy nagyobb lábasban forralj vizet, sózd meg.\r\nFőzd meg benne a spagettit a csomagoláson feltüntetett idő szerint (általában 8–10 perc).\r\nSzűrd le a tésztát.\r\nEgy kisebb edényben melegítsd fel a paradicsomszószt.\r\nAdd hozzá a csíkokra vágott sonkát, és keverd össze.', 1, 1300, 4, 850.00);

/* Felhasználó tábla */
INSERT INTO `felhasznalo` (`FelhasznaloID`, `Vezeteknev`, `Keresztnev`, `Felhasznalonev`, `Emailcim`, `Jelszo`, `SzuletesiEv`, `Profilkep`, `OrszagID`, `RegisztracioEve`, `MegszerzettPontok`, `SzerepID`) VALUES ('1', 'Keresztúri', 'Hanna', 'hancsii', 'kerhanna05@gmail.com', '20f5f4fcd943a472b15a17d9c0901adb', '2005', '', '1', '2026', '0', '1');

/* Recept_Hozzavalo */
INSERT INTO `recept_hozzavalo` (`ReceptID`, `HozzavaloID`, `Mennyiseg`, `MertekegysegID`) VALUES
(8, 17, 2.00, 1),
(8, 21, 15.00, 2),
(8, 22, 1.00, 4),
(9, 17, 3.00, 1),
(9, 22, 1.00, 4),
(9, 24, 1.00, 3),
(10, 17, 2.00, 1),
(10, 21, 50.00, 2),
(10, 22, 1.00, 4),
(10, 30, 2.00, 1),
(11, 24, 10.00, 3),
(11, 25, 30.00, 3),
(11, 30, 2.00, 1),
(12, 26, 150.00, 3),
(12, 27, 100.00, 3),
(12, 28, 20.00, 3),
(13, 26, 150.00, 3),
(13, 28, 20.00, 3),
(13, 29, 40.00, 3),
(14, 17, 3.00, 1),
(14, 18, 240.00, 3),
(14, 19, 250.00, 2),
(14, 20, 30.00, 3),
(14, 21, 50.00, 2),
(14, 23, 250.00, 2),
(15, 21, 45.00, 2),
(15, 22, 1.00, 4),
(15, 31, 300.00, 3),
(15, 32, 200.00, 3),
(15, 33, 250.00, 3),
(15, 34, 200.00, 3),
(15, 35, 150.00, 3),
(15, 36, 30.00, 3),
(15, 37, 2.00, 1),
(15, 38, 5.00, 3),
(15, 39, 3000.00, 2),
(16, 17, 6.00, 1),
(16, 18, 30.00, 3),
(16, 21, 30.00, 2),
(16, 22, 1.00, 4),
(16, 37, 2.00, 1),
(16, 39, 1500.00, 2),
(16, 40, 2.00, 3),
(16, 41, 5.00, 3),
(16, 42, 15.00, 2),
(17, 22, 15.00, 3),
(17, 31, 300.00, 3),
(17, 32, 200.00, 3),
(17, 33, 300.00, 3),
(17, 34, 300.00, 3),
(17, 35, 150.00, 3),
(17, 38, 5.00, 3),
(17, 39, 2300.00, 2),
(17, 43, 500.00, 3),
(17, 44, 250.00, 3),
(18, 18, 30.00, 3),
(18, 20, 45.00, 3),
(18, 21, 45.00, 2),
(18, 22, 5.00, 3),
(18, 35, 150.00, 3),
(18, 39, 300.00, 2),
(18, 45, 800.00, 2),
(18, 46, 20.00, 3),
(18, 47, 200.00, 3),
(19, 22, 1.00, 3),
(19, 24, 100.00, 3),
(19, 48, 200.00, 3),
(19, 49, 400.00, 2),
(19, 50, 30.00, 3),
(19, 51, 8.00, 3),
(19, 52, 20.00, 3),
(19, 53, 100.00, 3),
(20, 17, 3.00, 1),
(20, 50, 50.00, 3),
(20, 51, 8.00, 3),
(20, 52, 10.00, 3),
(20, 53, 500.00, 3),
(20, 54, 225.00, 3),
(20, 55, 200.00, 2),
(20, 56, 30.00, 2),
(21, 22, 1.00, 4),
(21, 30, 40.00, 3),
(21, 57, 400.00, 3),
(21, 58, 200.00, 3),
(21, 59, 100.00, 2),
(22, 22, 1.00, 4),
(22, 35, 150.00, 3),
(22, 59, 100.00, 2),
(22, 60, 600.00, 3),
(22, 61, 40.00, 3),
(23, 20, 12.00, 3),
(23, 22, 1.00, 4),
(23, 45, 700.00, 2),
(23, 59, 100.00, 2),
(24, 22, 1.00, 4),
(24, 34, 300.00, 3),
(24, 58, 200.00, 3),
(24, 59, 100.00, 2),
(24, 62, 30.00, 3),
(25, 17, 6.00, 1),
(25, 18, 150.00, 3),
(25, 20, 150.00, 3),
(26, 17, 6.00, 1),
(26, 18, 150.00, 3),
(26, 20, 150.00, 3),
(26, 25, 200.00, 3),
(27, 21, 15.00, 2),
(27, 22, 1.00, 4),
(27, 57, 200.00, 3),
(27, 63, 250.00, 3),
(27, 64, 200.00, 3),
(27, 65, 1.00, 4);